ring,tag,model,similarity,variability,accuracy,rank,fname
R1,P-DSH-F-Rlow-JV14,pmax,0.7203947368421053,0.8056003726828673,1.1892101574282803,0.5925925925925926,EucFACER1_P-DSH-F-Rlow-JV14.csv
R1,P-DSH-F-Rlow-JV21,pmax,0.7319078947368421,0.8041298074517185,1.1960327794946837,0.425925925925926,EucFACER1_P-DSH-F-Rlow-JV21.csv
R1,P-DSH-F-Rlow-JV28,pmax,0.7203947368421053,0.8029353353001699,1.1952345277512435,0.6388888888888888,EucFACER1_P-DSH-F-Rlow-JV28.csv
R1,P-DSH-F-Rlow-JV35,pmax,0.7171052631578947,0.7976844951793854,1.196436889917178,0.6944444444444443,EucFACER1_P-DSH-F-Rlow-JV35.csv
R1,P-DSH-F-Rlow-JV7,pmax,0.7236842105263158,0.8085849520321031,1.1935433266386342,0.5185185185185185,EucFACER1_P-DSH-F-Rlow-JV7.csv
R1,P-DSH-F-Rlow-Leg14-JV14,pmax,0.7335526315789473,0.8261746332685758,1.2287708920750895,0.35185185185185186,EucFACER1_P-DSH-F-Rlow-Leg14-JV14.csv
R1,P-DSH-F-Rlow-Leg14-JV21,pmax,0.7253289473684209,0.8223936788648347,1.2305681323418922,0.5370370370370371,EucFACER1_P-DSH-F-Rlow-Leg14-JV21.csv
R1,P-DSH-F-Rlow-Leg14-JV28,pmax,0.7302631578947368,0.8211129476563945,1.2355602099301195,0.537037037037037,EucFACER1_P-DSH-F-Rlow-Leg14-JV28.csv
R1,P-DSH-F-Rlow-Leg14-JV35,pmax,0.7220394736842105,0.8138851863664109,1.2306501886005428,0.7685185185185186,EucFACER1_P-DSH-F-Rlow-Leg14-JV35.csv
R1,P-DSH-F-Rlow-Leg14-JV7,pmax,0.7384868421052632,0.8282343901445745,1.230160643468352,0.3148148148148149,EucFACER1_P-DSH-F-Rlow-Leg14-JV7.csv
R1,P-DSH-F-Rlow-Leg14,pmax,0.7269736842105263,0.8094433753002958,1.2342770095447686,0.6944444444444443,EucFACER1_P-DSH-F-Rlow-Leg14.csv
R1,P-DSH-F-Rlow-Leg180-JV14,pmax,0.7253289473684209,0.8244412259870175,1.224289944810249,0.36111111111111116,EucFACER1_P-DSH-F-Rlow-Leg180-JV14.csv
R1,P-DSH-F-Rlow-Leg180-JV21,pmax,0.7351973684210527,0.8236234838077141,1.222195954598597,0.19444444444444442,EucFACER1_P-DSH-F-Rlow-Leg180-JV21.csv
R1,P-DSH-F-Rlow-Leg180-JV28,pmax,0.7269736842105263,0.8205841585279059,1.2225149812487173,0.36111111111111116,EucFACER1_P-DSH-F-Rlow-Leg180-JV28.csv
R1,P-DSH-F-Rlow-Leg180-JV35,pmax,0.7220394736842105,0.8155809526360173,1.2189557356500915,0.5092592592592592,EucFACER1_P-DSH-F-Rlow-Leg180-JV35.csv
R1,P-DSH-F-Rlow-Leg180-JV7,pmax,0.7450657894736842,0.8264050166972228,1.2232565642736215,0.1481481481481481,EucFACER1_P-DSH-F-Rlow-Leg180-JV7.csv
R1,P-DSH-F-Rlow-Leg180,pmax,0.7335526315789473,0.8073749956690434,1.2214542229094314,0.4351851851851853,EucFACER1_P-DSH-F-Rlow-Leg180.csv
R1,P-DSH-F-Rlow-Leg30-JV14,pmax,0.7220394736842105,0.8220248108882947,1.2275744804795998,0.5648148148148149,EucFACER1_P-DSH-F-Rlow-Leg30-JV14.csv
R1,P-DSH-F-Rlow-Leg30-JV21,pmax,0.7236842105263158,0.8193875207460849,1.2285057671616304,0.5925925925925926,EucFACER1_P-DSH-F-Rlow-Leg30-JV21.csv
R1,P-DSH-F-Rlow-Leg30-JV28,pmax,0.7335526315789473,0.8170745365397012,1.2306532362585592,0.5185185185185186,EucFACER1_P-DSH-F-Rlow-Leg30-JV28.csv
R1,P-DSH-F-Rlow-Leg30-JV35,pmax,0.7335526315789473,0.8124616164943023,1.2376099505230478,0.6296296296296297,EucFACER1_P-DSH-F-Rlow-Leg30-JV35.csv
R1,P-DSH-F-Rlow-Leg30-JV7,pmax,0.7401315789473685,0.8234818076676419,1.2290614852585755,0.324074074074074,EucFACER1_P-DSH-F-Rlow-Leg30-JV7.csv
R1,P-DSH-F-Rlow-Leg30,pmax,0.7236842105263158,0.8039813600644533,1.2292745523704929,0.7962962962962964,EucFACER1_P-DSH-F-Rlow-Leg30.csv
R1,P-DSH-F-Rlow-Leg60-JV14,pmax,0.7253289473684209,0.8139235889265931,1.2263602147444217,0.5555555555555556,EucFACER1_P-DSH-F-Rlow-Leg60-JV14.csv
R1,P-DSH-F-Rlow-Leg60-JV21,pmax,0.7483552631578947,0.8142173837780559,1.2309945089222298,0.4814814814814814,EucFACER1_P-DSH-F-Rlow-Leg60-JV21.csv
R1,P-DSH-F-Rlow-Leg60-JV28,pmax,0.7236842105263158,0.8098940579518217,1.230916336674416,0.7685185185185185,EucFACER1_P-DSH-F-Rlow-Leg60-JV28.csv
R1,P-DSH-F-Rlow-Leg60-JV35,pmax,0.7055921052631579,0.8081252341593245,1.2267260420103616,0.7592592592592592,EucFACER1_P-DSH-F-Rlow-Leg60-JV35.csv
R1,P-DSH-F-Rlow-Leg60-JV7,pmax,0.7269736842105263,0.8176353601708554,1.226190972043104,0.4259259259259259,EucFACER1_P-DSH-F-Rlow-Leg60-JV7.csv
R1,P-DSH-F-Rlow-Leg60,pmax,0.7236842105263158,0.7986055170151941,1.227714931793815,0.7777777777777778,EucFACER1_P-DSH-F-Rlow-Leg60.csv
R1,P-DSH-F-Rlow-Leg90-JV14,pmax,0.7286184210526315,0.8144110054841753,1.2244229167912437,0.4166666666666667,EucFACER1_P-DSH-F-Rlow-Leg90-JV14.csv
R1,P-DSH-F-Rlow-Leg90-JV21,pmax,0.7319078947368421,0.8171323609302377,1.227750359261642,0.4537037037037037,EucFACER1_P-DSH-F-Rlow-Leg90-JV21.csv
R1,P-DSH-F-Rlow-Leg90-JV28,pmax,0.7253289473684209,0.8141912474691889,1.2270737214467569,0.5648148148148148,EucFACER1_P-DSH-F-Rlow-Leg90-JV28.csv
R1,P-DSH-F-Rlow-Leg90-JV35,pmax,0.7253289473684209,0.8088556370150984,1.2196190123033024,0.5092592592592592,EucFACER1_P-DSH-F-Rlow-Leg90-JV35.csv
R1,P-DSH-F-Rlow-Leg90-JV7,pmax,0.7384868421052632,0.8214324669561707,1.2250713707901335,0.26851851851851855,EucFACER1_P-DSH-F-Rlow-Leg90-JV7.csv
R1,P-DSH-F-Rlow-Leg90,pmax,0.7236842105263158,0.8011575702636776,1.2262388453147022,0.7222222222222222,EucFACER1_P-DSH-F-Rlow-Leg90.csv
R1,P-DSH-F-Rlow,pmax,0.7220394736842105,0.7906045367451983,1.1988921143608833,0.6851851851851851,EucFACER1_P-DSH-F-Rlow.csv
R2,P-DSH-F-Rlow-JV14,pmax,0.7631578947368421,0.8377000830123714,0.6380967392475881,0.28703703703703703,EucFACER2_P-DSH-F-Rlow-JV14.csv
R2,P-DSH-F-Rlow-JV21,pmax,0.7335526315789473,0.8327080494800486,0.6384356723987676,0.6203703703703703,EucFACER2_P-DSH-F-Rlow-JV21.csv
R2,P-DSH-F-Rlow-JV28,pmax,0.7384868421052632,0.8314648824581525,0.6420528797632664,0.611111111111111,EucFACER2_P-DSH-F-Rlow-JV28.csv
R2,P-DSH-F-Rlow-JV35,pmax,0.7401315789473685,0.8259039796134217,0.6438207655797898,0.5925925925925926,EucFACER2_P-DSH-F-Rlow-JV35.csv
R2,P-DSH-F-Rlow-JV7,pmax,0.7483552631578947,0.8403682589292221,0.6403191855517872,0.324074074074074,EucFACER2_P-DSH-F-Rlow-JV7.csv
R2,P-DSH-F-Rlow-Leg14-JV14,pmax,0.7598684210526315,0.8469826278769883,0.6512851168133889,0.20370370370370372,EucFACER2_P-DSH-F-Rlow-Leg14-JV14.csv
R2,P-DSH-F-Rlow-Leg14-JV21,pmax,0.7532894736842105,0.8414301977569284,0.6519253254161866,0.3333333333333333,EucFACER2_P-DSH-F-Rlow-Leg14-JV21.csv
R2,P-DSH-F-Rlow-Leg14-JV28,pmax,0.7302631578947368,0.8386915961615178,0.6552305132463205,0.8055555555555555,EucFACER2_P-DSH-F-Rlow-Leg14-JV28.csv
R2,P-DSH-F-Rlow-Leg14-JV35,pmax,0.7253289473684209,0.8342868989077126,0.653799409307964,0.8055555555555557,EucFACER2_P-DSH-F-Rlow-Leg14-JV35.csv
R2,P-DSH-F-Rlow-Leg14-JV7,pmax,0.7549342105263158,0.8510321933954671,0.6542297804392871,0.3055555555555555,EucFACER2_P-DSH-F-Rlow-Leg14-JV7.csv
R2,P-DSH-F-Rlow-Leg14,pmax,0.7417763157894737,0.8404590684889603,0.6935226695980776,0.6666666666666666,EucFACER2_P-DSH-F-Rlow-Leg14.csv
R2,P-DSH-F-Rlow-Leg180-JV14,pmax,0.7401315789473685,0.8457430657395583,0.6498975520334297,0.35185185185185186,EucFACER2_P-DSH-F-Rlow-Leg180-JV14.csv
R2,P-DSH-F-Rlow-Leg180-JV21,pmax,0.7302631578947368,0.8410487023085781,0.6500614972791168,0.5370370370370371,EucFACER2_P-DSH-F-Rlow-Leg180-JV21.csv
R2,P-DSH-F-Rlow-Leg180-JV28,pmax,0.7253289473684209,0.8406358478791538,0.6521164650767898,0.6388888888888888,EucFACER2_P-DSH-F-Rlow-Leg180-JV28.csv
R2,P-DSH-F-Rlow-Leg180-JV35,pmax,0.7549342105263158,0.8342241871477033,0.6548522705268449,0.5833333333333334,EucFACER2_P-DSH-F-Rlow-Leg180-JV35.csv
R2,P-DSH-F-Rlow-Leg180-JV7,pmax,0.7417763157894737,0.8493511355532523,0.6493648583258,0.28703703703703703,EucFACER2_P-DSH-F-Rlow-Leg180-JV7.csv
R2,P-DSH-F-Rlow-Leg180,pmax,0.7549342105263158,0.8394535115133632,0.6903308661422786,0.5925925925925926,EucFACER2_P-DSH-F-Rlow-Leg180.csv
R2,P-DSH-F-Rlow-Leg30-JV14,pmax,0.7450657894736842,0.8468345374632126,0.6511109761103892,0.3055555555555555,EucFACER2_P-DSH-F-Rlow-Leg30-JV14.csv
R2,P-DSH-F-Rlow-Leg30-JV21,pmax,0.7368421052631579,0.8420545035981615,0.6525139072454815,0.5462962962962963,EucFACER2_P-DSH-F-Rlow-Leg30-JV21.csv
R2,P-DSH-F-Rlow-Leg30-JV28,pmax,0.7368421052631579,0.8394065768174966,0.6546077685100298,0.7222222222222222,EucFACER2_P-DSH-F-Rlow-Leg30-JV28.csv
R2,P-DSH-F-Rlow-Leg30-JV35,pmax,0.7351973684210527,0.8348002441398839,0.6553803836384668,0.7962962962962964,EucFACER2_P-DSH-F-Rlow-Leg30-JV35.csv
R2,P-DSH-F-Rlow-Leg30-JV7,pmax,0.7648026315789473,0.851356820163091,0.6499183285025002,0.10185185185185185,EucFACER2_P-DSH-F-Rlow-Leg30-JV7.csv
R2,P-DSH-F-Rlow-Leg30,pmax,0.7384868421052632,0.8402918047949307,0.693936304402522,0.7685185185185185,EucFACER2_P-DSH-F-Rlow-Leg30.csv
R2,P-DSH-F-Rlow-Leg60-JV14,pmax,0.7434210526315791,0.8444143155595077,0.65206484718199,0.40740740740740744,EucFACER2_P-DSH-F-Rlow-Leg60-JV14.csv
R2,P-DSH-F-Rlow-Leg60-JV21,pmax,0.7516447368421053,0.8419350999795447,0.6525025603719526,0.3703703703703704,EucFACER2_P-DSH-F-Rlow-Leg60-JV21.csv
R2,P-DSH-F-Rlow-Leg60-JV28,pmax,0.7401315789473685,0.8405653450249855,0.6549214081939424,0.611111111111111,EucFACER2_P-DSH-F-Rlow-Leg60-JV28.csv
R2,P-DSH-F-Rlow-Leg60-JV35,pmax,0.7664473684210527,0.8337445947700951,0.6575497423187118,0.5648148148148149,EucFACER2_P-DSH-F-Rlow-Leg60-JV35.csv
R2,P-DSH-F-Rlow-Leg60-JV7,pmax,0.7615131578947368,0.8502573047319525,0.6527687861906469,0.25925925925925924,EucFACER2_P-DSH-F-Rlow-Leg60-JV7.csv
R2,P-DSH-F-Rlow-Leg60,pmax,0.7467105263157895,0.8399079755370393,0.6950600124032978,0.6759259259259259,EucFACER2_P-DSH-F-Rlow-Leg60.csv
R2,P-DSH-F-Rlow-Leg90-JV14,pmax,0.7483552631578947,0.8446363418270489,0.6519248033052024,0.31481481481481477,EucFACER2_P-DSH-F-Rlow-Leg90-JV14.csv
R2,P-DSH-F-Rlow-Leg90-JV21,pmax,0.7467105263157895,0.8411742626729172,0.6520212419879465,0.3981481481481482,EucFACER2_P-DSH-F-Rlow-Leg90-JV21.csv
R2,P-DSH-F-Rlow-Leg90-JV28,pmax,0.7384868421052632,0.8404277204751059,0.6530779869329411,0.6203703703703703,EucFACER2_P-DSH-F-Rlow-Leg90-JV28.csv
R2,P-DSH-F-Rlow-Leg90-JV35,pmax,0.7434210526315791,0.8329397223445606,0.6577336084059638,0.7407407407407408,EucFACER2_P-DSH-F-Rlow-Leg90-JV35.csv
R2,P-DSH-F-Rlow-Leg90-JV7,pmax,0.7384868421052632,0.8505061007302276,0.6514007932920872,0.38888888888888884,EucFACER2_P-DSH-F-Rlow-Leg90-JV7.csv
R2,P-DSH-F-Rlow-Leg90,pmax,0.7450657894736842,0.8402465629114227,0.6925112468172472,0.6574074074074073,EucFACER2_P-DSH-F-Rlow-Leg90.csv
R2,P-DSH-F-Rlow,pmax,0.7335526315789473,0.8316537147365933,0.6756320478467616,0.8981481481481483,EucFACER2_P-DSH-F-Rlow.csv
R3,P-DSH-F-Rlow-JV14,pmax,0.7785123966942149,0.769241196443689,0.7013918181184583,0.6203703703703703,EucFACER3_P-DSH-F-Rlow-JV14.csv
R3,P-DSH-F-Rlow-JV21,pmax,0.7851239669421488,0.7664539195018447,0.701768558184378,0.5555555555555555,EucFACER3_P-DSH-F-Rlow-JV21.csv
R3,P-DSH-F-Rlow-JV28,pmax,0.7867768595041322,0.7625611042122948,0.7027600519181049,0.6111111111111112,EucFACER3_P-DSH-F-Rlow-JV28.csv
R3,P-DSH-F-Rlow-JV35,pmax,0.7801652892561983,0.7614406778433598,0.7004381298596496,0.5925925925925926,EucFACER3_P-DSH-F-Rlow-JV35.csv
R3,P-DSH-F-Rlow-JV7,pmax,0.7818181818181819,0.7728768662931061,0.7016000087435653,0.5555555555555556,EucFACER3_P-DSH-F-Rlow-JV7.csv
R3,P-DSH-F-Rlow-Leg14-JV14,pmax,0.7785123966942149,0.7858256306873133,0.7057737154524266,0.601851851851852,EucFACER3_P-DSH-F-Rlow-Leg14-JV14.csv
R3,P-DSH-F-Rlow-Leg14-JV21,pmax,0.7867768595041322,0.7836894674638332,0.7022494786134936,0.32407407407407407,EucFACER3_P-DSH-F-Rlow-Leg14-JV21.csv
R3,P-DSH-F-Rlow-Leg14-JV28,pmax,0.7983471074380165,0.7820212620940445,0.700688808037066,0.1759259259259259,EucFACER3_P-DSH-F-Rlow-Leg14-JV28.csv
R3,P-DSH-F-Rlow-Leg14-JV35,pmax,0.7884297520661157,0.7783952501305236,0.702684355546463,0.4259259259259259,EucFACER3_P-DSH-F-Rlow-Leg14-JV35.csv
R3,P-DSH-F-Rlow-Leg14-JV7,pmax,0.7851239669421488,0.7886448007121389,0.7057347691462266,0.4444444444444445,EucFACER3_P-DSH-F-Rlow-Leg14-JV7.csv
R3,P-DSH-F-Rlow-Leg14,pmax,0.7867768595041322,0.7780722218947428,0.7100523952768717,0.6574074074074073,EucFACER3_P-DSH-F-Rlow-Leg14.csv
R3,P-DSH-F-Rlow-Leg180-JV14,pmax,0.7884297520661157,0.7833501519419452,0.7038524187005675,0.4351851851851851,EucFACER3_P-DSH-F-Rlow-Leg180-JV14.csv
R3,P-DSH-F-Rlow-Leg180-JV21,pmax,0.7917355371900826,0.7816146570581077,0.7014874803871041,0.24999999999999997,EucFACER3_P-DSH-F-Rlow-Leg180-JV21.csv
R3,P-DSH-F-Rlow-Leg180-JV28,pmax,0.7867768595041322,0.7791252025581504,0.7024735034741718,0.4351851851851853,EucFACER3_P-DSH-F-Rlow-Leg180-JV28.csv
R3,P-DSH-F-Rlow-Leg180-JV35,pmax,0.7818181818181819,0.7766701114734296,0.698215612447307,0.4351851851851851,EucFACER3_P-DSH-F-Rlow-Leg180-JV35.csv
R3,P-DSH-F-Rlow-Leg180-JV7,pmax,0.7735537190082644,0.7861844534853353,0.7031242944497338,0.49074074074074076,EucFACER3_P-DSH-F-Rlow-Leg180-JV7.csv
R3,P-DSH-F-Rlow-Leg180,pmax,0.7685950413223142,0.7761405771852438,0.7090461539940928,0.8703703703703702,EucFACER3_P-DSH-F-Rlow-Leg180.csv
R3,P-DSH-F-Rlow-Leg30-JV14,pmax,0.7785123966942149,0.7866365661062615,0.703725048472363,0.5000000000000001,EucFACER3_P-DSH-F-Rlow-Leg30-JV14.csv
R3,P-DSH-F-Rlow-Leg30-JV21,pmax,0.7801652892561983,0.7835629556256899,0.7024243285088217,0.44444444444444436,EucFACER3_P-DSH-F-Rlow-Leg30-JV21.csv
R3,P-DSH-F-Rlow-Leg30-JV28,pmax,0.7867768595041322,0.7812808211044964,0.7042026877398718,0.5370370370370371,EucFACER3_P-DSH-F-Rlow-Leg30-JV28.csv
R3,P-DSH-F-Rlow-Leg30-JV35,pmax,0.7851239669421488,0.7784798382992275,0.69994490208138,0.3611111111111111,EucFACER3_P-DSH-F-Rlow-Leg30-JV35.csv
R3,P-DSH-F-Rlow-Leg30-JV7,pmax,0.7801652892561983,0.7887108534231507,0.7036180661095364,0.4259259259259259,EucFACER3_P-DSH-F-Rlow-Leg30-JV7.csv
R3,P-DSH-F-Rlow-Leg30,pmax,0.7702479338842976,0.7779153308214409,0.7101890457235591,0.8240740740740741,EucFACER3_P-DSH-F-Rlow-Leg30.csv
R3,P-DSH-F-Rlow-Leg60-JV14,pmax,0.7884297520661157,0.7836774915634332,0.7038451578457509,0.40740740740740744,EucFACER3_P-DSH-F-Rlow-Leg60-JV14.csv
R3,P-DSH-F-Rlow-Leg60-JV21,pmax,0.7685950413223142,0.781837571872405,0.7021456187895753,0.5462962962962964,EucFACER3_P-DSH-F-Rlow-Leg60-JV21.csv
R3,P-DSH-F-Rlow-Leg60-JV28,pmax,0.7884297520661157,0.7777873960487801,0.7051181805540889,0.5648148148148148,EucFACER3_P-DSH-F-Rlow-Leg60-JV28.csv
R3,P-DSH-F-Rlow-Leg60-JV35,pmax,0.7884297520661157,0.7768394588389282,0.7000902497257167,0.34259259259259256,EucFACER3_P-DSH-F-Rlow-Leg60-JV35.csv
R3,P-DSH-F-Rlow-Leg60-JV7,pmax,0.7785123966942149,0.7861837063632354,0.703311470080242,0.5,EucFACER3_P-DSH-F-Rlow-Leg60-JV7.csv
R3,P-DSH-F-Rlow-Leg60,pmax,0.7636363636363637,0.7753435545529529,0.7086208540445667,0.8981481481481483,EucFACER3_P-DSH-F-Rlow-Leg60.csv
R3,P-DSH-F-Rlow-Leg90-JV14,pmax,0.7900826446280992,0.7841227581496937,0.7037679783301862,0.33333333333333326,EucFACER3_P-DSH-F-Rlow-Leg90-JV14.csv
R3,P-DSH-F-Rlow-Leg90-JV21,pmax,0.7801652892561983,0.7816819603341774,0.7037509127238701,0.5740740740740741,EucFACER3_P-DSH-F-Rlow-Leg90-JV21.csv
R3,P-DSH-F-Rlow-Leg90-JV28,pmax,0.7933884297520661,0.7799900052320125,0.7025015483400491,0.3240740740740741,EucFACER3_P-DSH-F-Rlow-Leg90-JV28.csv
R3,P-DSH-F-Rlow-Leg90-JV35,pmax,0.7834710743801653,0.7754544689055851,0.7011909290433735,0.49074074074074076,EucFACER3_P-DSH-F-Rlow-Leg90-JV35.csv
R3,P-DSH-F-Rlow-Leg90-JV7,pmax,0.7685950413223142,0.7867494538148011,0.7027616706835665,0.5092592592592592,EucFACER3_P-DSH-F-Rlow-Leg90-JV7.csv
R3,P-DSH-F-Rlow-Leg90,pmax,0.7603305785123967,0.7758659734445248,0.7096670471933979,0.9074074074074074,EucFACER3_P-DSH-F-Rlow-Leg90.csv
R3,P-DSH-F-Rlow,pmax,0.7685950413223142,0.7631397498212746,0.7073592247269672,0.9166666666666666,EucFACER3_P-DSH-F-Rlow.csv
R4,P-DSH-F-Rlow-JV14,pmax,0.7495881383855024,0.8536950134891229,0.8894791010385217,0.3055555555555556,EucFACER4_P-DSH-F-Rlow-JV14.csv
R4,P-DSH-F-Rlow-JV21,pmax,0.7462932454695222,0.8490100701537525,0.8880844171572929,0.47222222222222227,EucFACER4_P-DSH-F-Rlow-JV21.csv
R4,P-DSH-F-Rlow-JV28,pmax,0.7512355848434926,0.8480549928090637,0.8876470602259163,0.3888888888888889,EucFACER4_P-DSH-F-Rlow-JV28.csv
R4,P-DSH-F-Rlow-JV35,pmax,0.7413509060955519,0.8435002499415571,0.8833715425177308,0.611111111111111,EucFACER4_P-DSH-F-Rlow-JV35.csv
R4,P-DSH-F-Rlow-JV7,pmax,0.7660626029654036,0.8584370334105329,0.8886209899597726,0.14814814814814817,EucFACER4_P-DSH-F-Rlow-JV7.csv
R4,P-DSH-F-Rlow-Leg14-JV14,pmax,0.7479406919275123,0.8613440493442751,0.903242161007698,0.4074074074074074,EucFACER4_P-DSH-F-Rlow-Leg14-JV14.csv
R4,P-DSH-F-Rlow-Leg14-JV21,pmax,0.728171334431631,0.8548808705159471,0.9008069926620572,0.6296296296296297,EucFACER4_P-DSH-F-Rlow-Leg14-JV21.csv
R4,P-DSH-F-Rlow-Leg14-JV28,pmax,0.7446457990115322,0.8542177118796094,0.9041551668213276,0.6018518518518519,EucFACER4_P-DSH-F-Rlow-Leg14-JV28.csv
R4,P-DSH-F-Rlow-Leg14-JV35,pmax,0.7462932454695222,0.8503251448958336,0.9012128231223524,0.5648148148148148,EucFACER4_P-DSH-F-Rlow-Leg14-JV35.csv
R4,P-DSH-F-Rlow-Leg14-JV7,pmax,0.7446457990115322,0.8655170384686217,0.9028891031184992,0.40740740740740744,EucFACER4_P-DSH-F-Rlow-Leg14-JV7.csv
R4,P-DSH-F-Rlow-Leg14,pmax,0.7462932454695222,0.8532816482633203,0.912621659408682,0.6759259259259259,EucFACER4_P-DSH-F-Rlow-Leg14.csv
R4,P-DSH-F-Rlow-Leg180-JV14,pmax,0.7462932454695222,0.8585533900235329,0.9004724404721538,0.3888888888888889,EucFACER4_P-DSH-F-Rlow-Leg180-JV14.csv
R4,P-DSH-F-Rlow-Leg180-JV21,pmax,0.7364085667215815,0.8536639025150211,0.8959150921123377,0.5648148148148148,EucFACER4_P-DSH-F-Rlow-Leg180-JV21.csv
R4,P-DSH-F-Rlow-Leg180-JV28,pmax,0.7479406919275123,0.8528725120574766,0.8994148469602338,0.45370370370370366,EucFACER4_P-DSH-F-Rlow-Leg180-JV28.csv
R4,P-DSH-F-Rlow-Leg180-JV35,pmax,0.7528830313014827,0.8482321869529659,0.8956278250348425,0.3981481481481481,EucFACER4_P-DSH-F-Rlow-Leg180-JV35.csv
R4,P-DSH-F-Rlow-Leg180-JV7,pmax,0.7479406919275123,0.8640142005501801,0.8988927726552424,0.25925925925925924,EucFACER4_P-DSH-F-Rlow-Leg180-JV7.csv
R4,P-DSH-F-Rlow-Leg180,pmax,0.7479406919275123,0.8498118263594341,0.9107418198255016,0.6851851851851851,EucFACER4_P-DSH-F-Rlow-Leg180.csv
R4,P-DSH-F-Rlow-Leg30-JV14,pmax,0.7512355848434926,0.8607479167441596,0.9056279669977516,0.40740740740740744,EucFACER4_P-DSH-F-Rlow-Leg30-JV14.csv
R4,P-DSH-F-Rlow-Leg30-JV21,pmax,0.7397034596375618,0.8561174084621285,0.901790950974254,0.5740740740740741,EucFACER4_P-DSH-F-Rlow-Leg30-JV21.csv
R4,P-DSH-F-Rlow-Leg30-JV28,pmax,0.742998352553542,0.8540578988149453,0.9045629290486858,0.6944444444444445,EucFACER4_P-DSH-F-Rlow-Leg30-JV28.csv
R4,P-DSH-F-Rlow-Leg30-JV35,pmax,0.7364085667215815,0.8498813242378125,0.8999795657944465,0.6851851851851851,EucFACER4_P-DSH-F-Rlow-Leg30-JV35.csv
R4,P-DSH-F-Rlow-Leg30-JV7,pmax,0.7479406919275123,0.8647325661026217,0.9039895259680956,0.38888888888888884,EucFACER4_P-DSH-F-Rlow-Leg30-JV7.csv
R4,P-DSH-F-Rlow-Leg30,pmax,0.742998352553542,0.8532701740073386,0.9148204819601072,0.7962962962962963,EucFACER4_P-DSH-F-Rlow-Leg30.csv
R4,P-DSH-F-Rlow-Leg60-JV14,pmax,0.742998352553542,0.8590026010369802,0.9040982749641217,0.5925925925925927,EucFACER4_P-DSH-F-Rlow-Leg60-JV14.csv
R4,P-DSH-F-Rlow-Leg60-JV21,pmax,0.728171334431631,0.8552333702059703,0.9018016049559474,0.638888888888889,EucFACER4_P-DSH-F-Rlow-Leg60-JV21.csv
R4,P-DSH-F-Rlow-Leg60-JV28,pmax,0.742998352553542,0.8541022195461834,0.9025975210994376,0.6111111111111112,EucFACER4_P-DSH-F-Rlow-Leg60-JV28.csv
R4,P-DSH-F-Rlow-Leg60-JV35,pmax,0.7397034596375618,0.8483435928834567,0.8983413747671201,0.6666666666666666,EucFACER4_P-DSH-F-Rlow-Leg60-JV35.csv
R4,P-DSH-F-Rlow-Leg60-JV7,pmax,0.742998352553542,0.8645609205805213,0.9032105120094588,0.49999999999999994,EucFACER4_P-DSH-F-Rlow-Leg60-JV7.csv
R4,P-DSH-F-Rlow-Leg60,pmax,0.742998352553542,0.8501780289010125,0.9137016832670524,0.8148148148148148,EucFACER4_P-DSH-F-Rlow-Leg60.csv
R4,P-DSH-F-Rlow-Leg90-JV14,pmax,0.742998352553542,0.8601126108696884,0.903642522562274,0.5648148148148148,EucFACER4_P-DSH-F-Rlow-Leg90-JV14.csv
R4,P-DSH-F-Rlow-Leg90-JV21,pmax,0.7528830313014827,0.8549385393722003,0.9007741139762526,0.3148148148148148,EucFACER4_P-DSH-F-Rlow-Leg90-JV21.csv
R4,P-DSH-F-Rlow-Leg90-JV28,pmax,0.7413509060955519,0.8536963388646315,0.9007218092330646,0.5833333333333334,EucFACER4_P-DSH-F-Rlow-Leg90-JV28.csv
R4,P-DSH-F-Rlow-Leg90-JV35,pmax,0.7462932454695222,0.8485103949141549,0.8982974588817937,0.5277777777777778,EucFACER4_P-DSH-F-Rlow-Leg90-JV35.csv
R4,P-DSH-F-Rlow-Leg90-JV7,pmax,0.7528830313014827,0.8642471341411367,0.901915695623282,0.26851851851851855,EucFACER4_P-DSH-F-Rlow-Leg90-JV7.csv
R4,P-DSH-F-Rlow-Leg90,pmax,0.7495881383855024,0.8499941663684548,0.9134032733149569,0.6388888888888888,EucFACER4_P-DSH-F-Rlow-Leg90.csv
R4,P-DSH-F-Rlow,pmax,0.7347611202635914,0.8435356232580116,0.8992559754877099,0.7407407407407408,EucFACER4_P-DSH-F-Rlow.csv
R5,P-DSH-F-Rlow-JV14,pmax,0.7483552631578947,0.8775141411507601,1.0756109863293766,0.4259259259259259,EucFACER5_P-DSH-F-Rlow-JV14.csv
R5,P-DSH-F-Rlow-JV21,pmax,0.7467105263157895,0.8769797084612577,1.0756480999359066,0.47222222222222215,EucFACER5_P-DSH-F-Rlow-JV21.csv
R5,P-DSH-F-Rlow-JV28,pmax,0.7319078947368421,0.8747453181112256,1.073096753047863,0.6851851851851851,EucFACER5_P-DSH-F-Rlow-JV28.csv
R5,P-DSH-F-Rlow-JV35,pmax,0.7269736842105263,0.8744999121173451,1.0648883763780213,0.6018518518518517,EucFACER5_P-DSH-F-Rlow-JV35.csv
R5,P-DSH-F-Rlow-JV7,pmax,0.7384868421052632,0.8796271357954915,1.079423942848178,0.5648148148148148,EucFACER5_P-DSH-F-Rlow-JV7.csv
R5,P-DSH-F-Rlow-Leg14-JV14,pmax,0.7384868421052632,0.8822482388867233,1.0737680331809871,0.49074074074074076,EucFACER5_P-DSH-F-Rlow-Leg14-JV14.csv
R5,P-DSH-F-Rlow-Leg14-JV21,pmax,0.7483552631578947,0.8815339249356506,1.0699308502982354,0.2962962962962963,EucFACER5_P-DSH-F-Rlow-Leg14-JV21.csv
R5,P-DSH-F-Rlow-Leg14-JV28,pmax,0.7450657894736842,0.8790615268601427,1.0682974822594555,0.3425925925925926,EucFACER5_P-DSH-F-Rlow-Leg14-JV28.csv
R5,P-DSH-F-Rlow-Leg14-JV35,pmax,0.7384868421052632,0.8769686948028494,1.065312156934909,0.4351851851851853,EucFACER5_P-DSH-F-Rlow-Leg14-JV35.csv
R5,P-DSH-F-Rlow-Leg14-JV7,pmax,0.7467105263157895,0.8835667959534156,1.0737532594685075,0.35185185185185186,EucFACER5_P-DSH-F-Rlow-Leg14-JV7.csv
R5,P-DSH-F-Rlow-Leg14,pmax,0.7368421052631579,0.8707055217349078,1.0733963699851514,0.7037037037037037,EucFACER5_P-DSH-F-Rlow-Leg14.csv
R5,P-DSH-F-Rlow-Leg180-JV14,pmax,0.7335526315789473,0.8768201782640443,1.0745956683148694,0.6388888888888888,EucFACER5_P-DSH-F-Rlow-Leg180-JV14.csv
R5,P-DSH-F-Rlow-Leg180-JV21,pmax,0.7401315789473685,0.8759515628804501,1.073160416689305,0.5462962962962963,EucFACER5_P-DSH-F-Rlow-Leg180-JV21.csv
R5,P-DSH-F-Rlow-Leg180-JV28,pmax,0.7417763157894737,0.8720887887048155,1.0704444334648522,0.5740740740740741,EucFACER5_P-DSH-F-Rlow-Leg180-JV28.csv
R5,P-DSH-F-Rlow-Leg180-JV35,pmax,0.7417763157894737,0.8701539709526958,1.0689921893690684,0.601851851851852,EucFACER5_P-DSH-F-Rlow-Leg180-JV35.csv
R5,P-DSH-F-Rlow-Leg180-JV7,pmax,0.7253289473684209,0.8787749119208466,1.0790279342355729,0.7129629629629628,EucFACER5_P-DSH-F-Rlow-Leg180-JV7.csv
R5,P-DSH-F-Rlow-Leg180,pmax,0.7319078947368421,0.8642315406746008,1.0770018684668996,0.9166666666666666,EucFACER5_P-DSH-F-Rlow-Leg180.csv
R5,P-DSH-F-Rlow-Leg30-JV14,pmax,0.7450657894736842,0.8772807412031005,1.0645809499243442,0.28703703703703703,EucFACER5_P-DSH-F-Rlow-Leg30-JV14.csv
R5,P-DSH-F-Rlow-Leg30-JV21,pmax,0.7401315789473685,0.8763520205050372,1.0635957663282982,0.35185185185185186,EucFACER5_P-DSH-F-Rlow-Leg30-JV21.csv
R5,P-DSH-F-Rlow-Leg30-JV28,pmax,0.7434210526315791,0.8742964787595287,1.062984649121525,0.3518518518518518,EucFACER5_P-DSH-F-Rlow-Leg30-JV28.csv
R5,P-DSH-F-Rlow-Leg30-JV35,pmax,0.7319078947368421,0.8733817965182333,1.0581079290298177,0.49074074074074076,EucFACER5_P-DSH-F-Rlow-Leg30-JV35.csv
R5,P-DSH-F-Rlow-Leg30-JV7,pmax,0.7302631578947368,0.8790151654015496,1.0653486751055512,0.49999999999999994,EucFACER5_P-DSH-F-Rlow-Leg30-JV7.csv
R5,P-DSH-F-Rlow-Leg30,pmax,0.7483552631578947,0.8662822426024979,1.0641644645395267,0.45370370370370355,EucFACER5_P-DSH-F-Rlow-Leg30.csv
R5,P-DSH-F-Rlow-Leg60-JV14,pmax,0.7450657894736842,0.8743941988762121,1.063875066181901,0.36111111111111116,EucFACER5_P-DSH-F-Rlow-Leg60-JV14.csv
R5,P-DSH-F-Rlow-Leg60-JV21,pmax,0.7483552631578947,0.8720418247783948,1.063720612401554,0.3518518518518518,EucFACER5_P-DSH-F-Rlow-Leg60-JV21.csv
R5,P-DSH-F-Rlow-Leg60-JV28,pmax,0.75,0.8702832356099753,1.0610328964543163,0.3055555555555556,EucFACER5_P-DSH-F-Rlow-Leg60-JV28.csv
R5,P-DSH-F-Rlow-Leg60-JV35,pmax,0.7417763157894737,0.8678012644842757,1.060001298287144,0.4537037037037037,EucFACER5_P-DSH-F-Rlow-Leg60-JV35.csv
R5,P-DSH-F-Rlow-Leg60-JV7,pmax,0.7351973684210527,0.8754934680998738,1.066991357899275,0.5277777777777778,EucFACER5_P-DSH-F-Rlow-Leg60-JV7.csv
R5,P-DSH-F-Rlow-Leg60,pmax,0.7319078947368421,0.861135345352563,1.0647539470504075,0.7222222222222222,EucFACER5_P-DSH-F-Rlow-Leg60.csv
R5,P-DSH-F-Rlow-Leg90-JV14,pmax,0.7319078947368421,0.8729351537296124,1.0663235760813552,0.6574074074074074,EucFACER5_P-DSH-F-Rlow-Leg90-JV14.csv
R5,P-DSH-F-Rlow-Leg90-JV21,pmax,0.7401315789473685,0.8712302105102046,1.065052414328295,0.5277777777777778,EucFACER5_P-DSH-F-Rlow-Leg90-JV21.csv
R5,P-DSH-F-Rlow-Leg90-JV28,pmax,0.7615131578947368,0.8680159581849304,1.0628235051539503,0.3333333333333334,EucFACER5_P-DSH-F-Rlow-Leg90-JV28.csv
R5,P-DSH-F-Rlow-Leg90-JV35,pmax,0.7203947368421053,0.867597947020994,1.0593415151202767,0.6481481481481481,EucFACER5_P-DSH-F-Rlow-Leg90-JV35.csv
R5,P-DSH-F-Rlow-Leg90-JV7,pmax,0.7335526315789473,0.8748706907751391,1.0670696526059011,0.5740740740740741,EucFACER5_P-DSH-F-Rlow-Leg90-JV7.csv
R5,P-DSH-F-Rlow-Leg90,pmax,0.7269736842105263,0.8605107884967591,1.066056453110242,0.8055555555555555,EucFACER5_P-DSH-F-Rlow-Leg90.csv
R5,P-DSH-F-Rlow,pmax,0.7335526315789473,0.8680561807277887,1.0723839857445396,0.7407407407407408,EucFACER5_P-DSH-F-Rlow.csv
R6,P-DSH-F-Rlow-JV14,pmax,0.8692052980132451,0.9837715751284544,0.9915286473536458,0.3796296296296296,EucFACER6_P-DSH-F-Rlow-JV14.csv
R6,P-DSH-F-Rlow-JV21,pmax,0.8543046357615894,0.9842781299870426,0.991133509364594,0.48148148148148145,EucFACER6_P-DSH-F-Rlow-JV21.csv
R6,P-DSH-F-Rlow-JV28,pmax,0.8195364238410596,0.979168087991354,0.9863870551463008,0.6666666666666666,EucFACER6_P-DSH-F-Rlow-JV28.csv
R6,P-DSH-F-Rlow-JV35,pmax,0.8526490066225165,0.9781220612380584,0.9813504511488832,0.5092592592592592,EucFACER6_P-DSH-F-Rlow-JV35.csv
R6,P-DSH-F-Rlow-JV7,pmax,0.8360927152317881,0.9876405924224212,0.9962416365138772,0.6574074074074074,EucFACER6_P-DSH-F-Rlow-JV7.csv
R6,P-DSH-F-Rlow-Leg14-JV14,pmax,0.8609271523178808,1.0038739748336531,1.0132103905023415,0.49074074074074076,EucFACER6_P-DSH-F-Rlow-Leg14-JV14.csv
R6,P-DSH-F-Rlow-Leg14-JV21,pmax,0.8625827814569537,1.0048444149939133,1.0123900439327491,0.5092592592592593,EucFACER6_P-DSH-F-Rlow-Leg14-JV21.csv
R6,P-DSH-F-Rlow-Leg14-JV28,pmax,0.8625827814569537,1.0004180404670766,1.0076540286251434,0.324074074074074,EucFACER6_P-DSH-F-Rlow-Leg14-JV28.csv
R6,P-DSH-F-Rlow-Leg14-JV35,pmax,0.8559602649006622,0.9972554293294876,1.0050071194955654,0.40740740740740744,EucFACER6_P-DSH-F-Rlow-Leg14-JV35.csv
R6,P-DSH-F-Rlow-Leg14-JV7,pmax,0.859271523178808,1.0080424878033274,1.0155774549587728,0.6203703703703703,EucFACER6_P-DSH-F-Rlow-Leg14-JV7.csv
R6,P-DSH-F-Rlow-Leg14,pmax,0.8509933774834437,1.0033727979568432,1.031211616792502,0.6481481481481481,EucFACER6_P-DSH-F-Rlow-Leg14.csv
R6,P-DSH-F-Rlow-Leg180-JV14,pmax,0.8543046357615894,1.0022486663152947,0.9964531722146548,0.3148148148148148,EucFACER6_P-DSH-F-Rlow-Leg180-JV14.csv
R6,P-DSH-F-Rlow-Leg180-JV21,pmax,0.8410596026490066,1.0044049351609283,0.993785804918792,0.47222222222222215,EucFACER6_P-DSH-F-Rlow-Leg180-JV21.csv
R6,P-DSH-F-Rlow-Leg180-JV28,pmax,0.8145695364238411,1.0000601900177353,0.9900525531167764,0.3888888888888889,EucFACER6_P-DSH-F-Rlow-Leg180-JV28.csv
R6,P-DSH-F-Rlow-Leg180-JV35,pmax,0.8410596026490066,0.9981798518807852,0.9864405139544205,0.33333333333333326,EucFACER6_P-DSH-F-Rlow-Leg180-JV35.csv
R6,P-DSH-F-Rlow-Leg180-JV7,pmax,0.8509933774834437,1.0076568651602538,0.9982040041147024,0.5277777777777778,EucFACER6_P-DSH-F-Rlow-Leg180-JV7.csv
R6,P-DSH-F-Rlow-Leg180,pmax,0.8294701986754967,1.0018881412940883,1.0101677089831986,0.6574074074074073,EucFACER6_P-DSH-F-Rlow-Leg180.csv
R6,P-DSH-F-Rlow-Leg30-JV14,pmax,0.859271523178808,1.000201676572142,1.0063507383920385,0.34259259259259256,EucFACER6_P-DSH-F-Rlow-Leg30-JV14.csv
R6,P-DSH-F-Rlow-Leg30-JV21,pmax,0.8394039735099338,0.9998228572696234,1.0081175922476724,0.5370370370370371,EucFACER6_P-DSH-F-Rlow-Leg30-JV21.csv
R6,P-DSH-F-Rlow-Leg30-JV28,pmax,0.8526490066225165,0.9965741716536359,1.0027542626695567,0.47222222222222227,EucFACER6_P-DSH-F-Rlow-Leg30-JV28.csv
R6,P-DSH-F-Rlow-Leg30-JV35,pmax,0.8741721854304636,0.9951312080834742,0.9992868700204004,0.3240740740740741,EucFACER6_P-DSH-F-Rlow-Leg30-JV35.csv
R6,P-DSH-F-Rlow-Leg30-JV7,pmax,0.8658940397350994,1.0040222829549958,1.009138074517721,0.4259259259259259,EucFACER6_P-DSH-F-Rlow-Leg30-JV7.csv
R6,P-DSH-F-Rlow-Leg30,pmax,0.8559602649006622,0.9984201500229364,1.022029896367083,0.49074074074074064,EucFACER6_P-DSH-F-Rlow-Leg30.csv
R6,P-DSH-F-Rlow-Leg60-JV14,pmax,0.8543046357615894,0.9903799831173332,1.0026371214350531,0.5555555555555556,EucFACER6_P-DSH-F-Rlow-Leg60-JV14.csv
R6,P-DSH-F-Rlow-Leg60-JV21,pmax,0.8625827814569537,0.9927200991008032,1.003100555640023,0.4537037037037037,EucFACER6_P-DSH-F-Rlow-Leg60-JV21.csv
R6,P-DSH-F-Rlow-Leg60-JV28,pmax,0.8394039735099338,0.9893647115598856,0.998866294810048,0.6666666666666666,EucFACER6_P-DSH-F-Rlow-Leg60-JV28.csv
R6,P-DSH-F-Rlow-Leg60-JV35,pmax,0.859271523178808,0.9881175913813784,0.9995621850984814,0.5092592592592593,EucFACER6_P-DSH-F-Rlow-Leg60-JV35.csv
R6,P-DSH-F-Rlow-Leg60-JV7,pmax,0.8509933774834437,0.9956488554487024,1.0087696577007303,0.5925925925925926,EucFACER6_P-DSH-F-Rlow-Leg60-JV7.csv
R6,P-DSH-F-Rlow-Leg60,pmax,0.8327814569536424,0.9899648979536744,1.0170796579924994,0.8703703703703702,EucFACER6_P-DSH-F-Rlow-Leg60.csv
R6,P-DSH-F-Rlow-Leg90-JV14,pmax,0.847682119205298,0.9966680631038632,1.00179177616577,0.46296296296296297,EucFACER6_P-DSH-F-Rlow-Leg90-JV14.csv
R6,P-DSH-F-Rlow-Leg90-JV21,pmax,0.8410596026490066,0.9976701319996372,1.0022244090115262,0.4907407407407407,EucFACER6_P-DSH-F-Rlow-Leg90-JV21.csv
R6,P-DSH-F-Rlow-Leg90-JV28,pmax,0.8360927152317881,0.9936378245685198,0.9974806904302222,0.6018518518518519,EucFACER6_P-DSH-F-Rlow-Leg90-JV28.csv
R6,P-DSH-F-Rlow-Leg90-JV35,pmax,0.8526490066225165,0.9917965195527942,0.9962487250385642,0.4907407407407407,EucFACER6_P-DSH-F-Rlow-Leg90-JV35.csv
R6,P-DSH-F-Rlow-Leg90-JV7,pmax,0.8427152317880795,1.0000509055905709,1.0055382750439192,0.4259259259259259,EucFACER6_P-DSH-F-Rlow-Leg90-JV7.csv
R6,P-DSH-F-Rlow-Leg90,pmax,0.8394039735099338,0.9949107194037894,1.0200048298633402,0.7870370370370372,EucFACER6_P-DSH-F-Rlow-Leg90.csv
R6,P-DSH-F-Rlow,pmax,0.8394039735099338,0.9822470483017246,1.0096190421900817,0.851851851851852,EucFACER6_P-DSH-F-Rlow.csv
